{"cameraMode":{"drawMode":0,"name":"Shaded","section":"Shading Mode"},"sceneLighting":true,"audioPlay":false,"sceneViewState":{"m_AlwaysRefresh":false,"showFog":true,"showSkybox":true,"showFlares":true,"showImageEffects":true,"showParticleSystems":true,"showVisualEffectGraphs":true,"m_FxEnabled":true},"in2DMode":false,"pivot":{"x":107.0804214477539,"y":10.261597633361817,"z":2.673243999481201},"rotation":{"x":-0.008644148707389832,"y":0.10330767184495926,"z":0.0008998334524221718,"w":0.9946218132972717},"size":7.057212829589844,"orthographic":true}