{"cameraMode":{"drawMode":0,"name":"Shaded","section":"Shading Mode"},"sceneLighting":false,"audioPlay":false,"sceneViewState":{"m_AlwaysRefresh":false,"showFog":true,"showSkybox":false,"showFlares":true,"showImageEffects":true,"showParticleSystems":true,"showVisualEffectGraphs":true,"m_FxEnabled":true},"in2DMode":false,"pivot":{"x":-5.626999855041504,"y":2.7699999809265138,"z":-0.021000027656555177},"rotation":{"x":-0.10424496978521347,"y":-0.11194055527448654,"z":0.013970870524644852,"w":-0.9885103106498718},"size":0.7716361284255981,"orthographic":false}