{"cameraMode":{"drawMode":0,"name":"Shaded","section":"Shading Mode"},"sceneLighting":false,"audioPlay":false,"sceneViewState":{"m_AlwaysRefresh":false,"showFog":true,"showSkybox":false,"showFlares":true,"showImageEffects":true,"showParticleSystems":true,"showVisualEffectGraphs":true,"m_FxEnabled":true},"in2DMode":false,"pivot":{"x":31.634000778198243,"y":0.5920000076293945,"z":-0.19470000267028809},"rotation":{"x":0.22955115139484406,"y":-0.11936719715595246,"z":0.028387397527694703,"w":0.965593695640564},"size":2.08717679977417,"orthographic":false}