{"cameraMode":{"drawMode":0,"name":"Shaded","section":"Shading Mode"},"sceneLighting":false,"audioPlay":false,"sceneViewState":{"m_AlwaysRefresh":false,"showFog":true,"showSkybox":false,"showFlares":true,"showImageEffects":true,"showParticleSystems":true,"showVisualEffectGraphs":true,"m_FxEnabled":true},"in2DMode":false,"pivot":{"x":-1.3300000429153443,"y":2.2799999713897707,"z":-0.6215000152587891},"rotation":{"x":-0.010499280877411366,"y":0.00810507033020258,"z":0.00006074137854739092,"w":0.9999812245368958},"size":0.8660253882408142,"orthographic":false}